INSERT INTO PUBLIC.API_RESOURCE (ID, NAME, DISPLAY_NAME, DESCRIPTION, CREATE_TIME, MODIFY_TIME, SORT_INDEX) VALUES (2, 'role', '角色', '授予对系统角色的完全访问权限', '2022-01-12 10:29:38.000000', '2022-01-12 10:29:40.000000', 0);
INSERT INTO PUBLIC.API_RESOURCE (ID, NAME, DISPLAY_NAME, DESCRIPTION, CREATE_TIME, MODIFY_TIME, SORT_INDEX) VALUES (3, 'user', '用户', '授予对系统用户的完全访问权限', '2022-01-12 10:30:16.000000', '2022-01-12 10:30:18.000000', 0);
INSERT INTO PUBLIC.API_RESOURCE (ID, NAME, DISPLAY_NAME, DESCRIPTION, CREATE_TIME, MODIFY_TIME, SORT_INDEX) VALUES (4, 'group', '用户组', '授予对用户分组的完全访问权限', '2022-01-12 10:30:44.000000', '2022-01-12 10:30:47.000000', 0);

INSERT INTO PUBLIC.API_SCOPE (ID, NAME, DISPLAY_NAME, DESCRIPTION, RESOURCE_ID, CREATE_TIME, MODIFY_TIME, SORT_INDEX) VALUES (4, 'read:role', '读取角色', '授予对系统角色的读访问权限。', 2, '2022-01-12 10:37:38.000000', '2022-01-12 10:37:41.000000', 0);
INSERT INTO PUBLIC.API_SCOPE (ID, NAME, DISPLAY_NAME, DESCRIPTION, RESOURCE_ID, CREATE_TIME, MODIFY_TIME, SORT_INDEX) VALUES (5, 'write:role', '修改角色', '授予对系统角色的创建/修改权限。', 2, '2022-01-12 10:37:38.000000', '2022-01-12 10:37:41.000000', 0);
INSERT INTO PUBLIC.API_SCOPE (ID, NAME, DISPLAY_NAME, DESCRIPTION, RESOURCE_ID, CREATE_TIME, MODIFY_TIME, SORT_INDEX) VALUES (6, 'delete:role', '删除角色', '授予对系统角色的删除权限。', 2, '2022-01-12 10:37:38.000000', '2022-01-12 10:37:41.000000', 0);
INSERT INTO PUBLIC.API_SCOPE (ID, NAME, DISPLAY_NAME, DESCRIPTION, RESOURCE_ID, CREATE_TIME, MODIFY_TIME, SORT_INDEX) VALUES (7, 'read:user', '读取用户', '授予对系统用户的读访问权限。', 3, '2022-01-12 10:37:38.000000', '2022-01-12 10:37:41.000000', 0);
INSERT INTO PUBLIC.API_SCOPE (ID, NAME, DISPLAY_NAME, DESCRIPTION, RESOURCE_ID, CREATE_TIME, MODIFY_TIME, SORT_INDEX) VALUES (8, 'create:user', '创建用户', '授予对系统用户的创建帐号的权限。', 3, '2022-01-12 10:37:38.000000', '2022-01-12 10:37:41.000000', 0);
INSERT INTO PUBLIC.API_SCOPE (ID, NAME, DISPLAY_NAME, DESCRIPTION, RESOURCE_ID, CREATE_TIME, MODIFY_TIME, SORT_INDEX) VALUES (9, 'write:user', '修改用户', '授予对系统用户的修改权限。', 3, '2022-01-12 10:37:38.000000', '2022-01-12 10:37:41.000000', 0);
INSERT INTO PUBLIC.API_SCOPE (ID, NAME, DISPLAY_NAME, DESCRIPTION, RESOURCE_ID, CREATE_TIME, MODIFY_TIME, SORT_INDEX) VALUES (10, 'delete:user', '删除用户', '授予对系统用户的删除权限。', 3, '2022-01-12 10:37:38.000000', '2022-01-12 10:37:41.000000', 0);
INSERT INTO PUBLIC.API_SCOPE (ID, NAME, DISPLAY_NAME, DESCRIPTION, RESOURCE_ID, CREATE_TIME, MODIFY_TIME, SORT_INDEX) VALUES (11, 'read:group', '读取用户组', '授予对系统用户组的读访问权限。', 4, '2022-01-12 10:37:38.000000', '2022-01-12 10:37:41.000000', 0);
INSERT INTO PUBLIC.API_SCOPE (ID, NAME, DISPLAY_NAME, DESCRIPTION, RESOURCE_ID, CREATE_TIME, MODIFY_TIME, SORT_INDEX) VALUES (12, 'write:group', '修改用户组', '授予对系统用户组的创建/修改权限。', 4, '2022-01-12 10:37:38.000000', '2022-01-12 10:37:41.000000', 0);
INSERT INTO PUBLIC.API_SCOPE (ID, NAME, DISPLAY_NAME, DESCRIPTION, RESOURCE_ID, CREATE_TIME, MODIFY_TIME, SORT_INDEX) VALUES (13, 'delete:group', '删除用户组', '授予对系统用户组的删除权限。', 4, '2022-01-12 10:37:38.000000', '2022-01-12 10:37:41.000000', 0);


INSERT INTO PUBLIC.ROLE (ID, ROLE_NAME, REMARK, IS_INTERNAL, DELETED, CREATE_TIME, MODIFY_TIME) VALUES (1, '普通用户', '用户注册默认角色', 1, 0, '2020-05-28 16:25:39.000000', '2020-07-23 18:27:45.000000');
INSERT INTO PUBLIC.ROLE (ID, ROLE_NAME, REMARK, IS_INTERNAL, DELETED, CREATE_TIME, MODIFY_TIME) VALUES (2, '管理员', '管理员', 1, 0, '2020-06-04 10:23:29.000000', '2020-07-23 18:28:00.000000');
INSERT INTO PUBLIC.ROLE (ID, ROLE_NAME, REMARK, IS_INTERNAL, DELETED, CREATE_TIME, MODIFY_TIME) VALUES (3, '测试角色', '123', 0, 0, '2022-01-14 11:42:06.465944', '2022-01-14 14:45:50.036105');
INSERT INTO PUBLIC.ROLE (ID, ROLE_NAME, REMARK, IS_INTERNAL, DELETED, CREATE_TIME, MODIFY_TIME) VALUES (4, '测试角色2', null, 0, 1, '2022-01-14 11:46:18.835868', '2022-01-14 11:52:17.715336');


INSERT INTO PUBLIC.ROLE_RESOURCE (ID, SCOPE, ROLE_ID) VALUES (5, 'read:role', 1);
INSERT INTO PUBLIC.ROLE_RESOURCE (ID, SCOPE, ROLE_ID) VALUES (6, 'write:role', 1);
INSERT INTO PUBLIC.ROLE_RESOURCE (ID, SCOPE, ROLE_ID) VALUES (7, 'delete:role', 1);
INSERT INTO PUBLIC.ROLE_RESOURCE (ID, SCOPE, ROLE_ID) VALUES (8, 'read:user', 1);
INSERT INTO PUBLIC.ROLE_RESOURCE (ID, SCOPE, ROLE_ID) VALUES (9, 'create:user', 1);
INSERT INTO PUBLIC.ROLE_RESOURCE (ID, SCOPE, ROLE_ID) VALUES (10, 'write:user', 1);
INSERT INTO PUBLIC.ROLE_RESOURCE (ID, SCOPE, ROLE_ID) VALUES (11, 'delete:user', 1);
INSERT INTO PUBLIC.ROLE_RESOURCE (ID, SCOPE, ROLE_ID) VALUES (12, 'read:group', 1);
INSERT INTO PUBLIC.ROLE_RESOURCE (ID, SCOPE, ROLE_ID) VALUES (13, 'write:group', 1);
INSERT INTO PUBLIC.ROLE_RESOURCE (ID, SCOPE, ROLE_ID) VALUES (14, 'delete:group', 1);
INSERT INTO PUBLIC.ROLE_RESOURCE (ID, SCOPE, ROLE_ID) VALUES (1481880215507615745, 'read:role', 3);
INSERT INTO PUBLIC.ROLE_RESOURCE (ID, SCOPE, ROLE_ID) VALUES (1481880215528587266, 'write:role', 3);
INSERT INTO PUBLIC.ROLE_RESOURCE (ID, SCOPE, ROLE_ID) VALUES (1481880215532781570, 'delete:role', 3);


INSERT INTO PUBLIC.SETTING_OPTION (ID, OPTION_KEY, OPTION_VALUE, CREATE_TIME, MODIFY_TIME) VALUES (1, 'email_host', 'smtp.qq.com', '2020-07-14 17:07:35.000000', '2020-07-14 17:07:37.000000');
INSERT INTO PUBLIC.SETTING_OPTION (ID, OPTION_KEY, OPTION_VALUE, CREATE_TIME, MODIFY_TIME) VALUES (2, 'email_protocol', 'smtp', '2020-07-14 17:07:39.000000', '2020-07-14 17:07:46.000000');
INSERT INTO PUBLIC.SETTING_OPTION (ID, OPTION_KEY, OPTION_VALUE, CREATE_TIME, MODIFY_TIME) VALUES (3, 'email_ssl_port', '587', '2020-07-14 17:07:42.000000', '2020-07-14 17:07:48.000000');
INSERT INTO PUBLIC.SETTING_OPTION (ID, OPTION_KEY, OPTION_VALUE, CREATE_TIME, MODIFY_TIME) VALUES (4, 'email_username', 'guqing@qq.com', '2020-07-14 17:07:44.000000', '2020-07-14 17:07:51.000000');
INSERT INTO PUBLIC.SETTING_OPTION (ID, OPTION_KEY, OPTION_VALUE, CREATE_TIME, MODIFY_TIME) VALUES (5, 'email_password', '123456', '2020-07-14 17:08:03.000000', '2020-07-14 17:08:05.000000');
INSERT INTO PUBLIC.SETTING_OPTION (ID, OPTION_KEY, OPTION_VALUE, CREATE_TIME, MODIFY_TIME) VALUES (6, 'email_enabled', 'true', '2020-07-14 17:08:37.000000', '2020-07-14 17:08:39.000000');
INSERT INTO PUBLIC.SETTING_OPTION (ID, OPTION_KEY, OPTION_VALUE, CREATE_TIME, MODIFY_TIME) VALUES (7, 'email_from_name', 'guqing', '2020-07-14 19:57:47.000000', '2020-07-14 19:57:50.000000');


INSERT INTO PUBLIC.USER (ID, USERNAME, PASSWORD, NICKNAME, GROUP_ID, EMAIL, MOBILE, GENDER, AVATAR, DESCRIPTION, LAST_LOGIN_TIME, STATUS, DELETED, CREATE_TIME, MODIFY_TIME, ROLE_IDS, IS_INTERNAL) VALUES (1, 'guqing', '$2a$10$kp73QBSCqwX/v0aRaD/AyuLAmIc.r7IoVYZ0wRJ/fa9kAS9kRbBsS', '聽見下雨的聲音', 1, '14845636141@qq.com', '18869817190', '0', 'https://violet-cloud.oss-cn-hangzhou.aliyuncs.com/8e80f601-4001-4d6f-846f-ca0938c76bf8', '毕生所求无它，爱与自由而已', '2022-01-15 14:17:47.121768', 0, 0, '2020-05-25 18:06:52.000000', '2020-05-25 18:06:52.000000', '1,2', 1);
INSERT INTO PUBLIC.USER (ID, USERNAME, PASSWORD, NICKNAME, GROUP_ID, EMAIL, MOBILE, GENDER, AVATAR, DESCRIPTION, LAST_LOGIN_TIME, STATUS, DELETED, CREATE_TIME, MODIFY_TIME, ROLE_IDS, IS_INTERNAL) VALUES (3, 'test', '$2a$10$nvC6FrEzF2/h4o0rvB8W7u13YcUBWfBdbBsNPZCaNG63qt85iU1Jq', 'test', null, 'test@test.com', null, 'MALE', null, null, null, 0, 0, '2022-01-14 15:49:32.386211', '2022-01-14 15:49:32.393326', '3', 0);

INSERT INTO PUBLIC.USER_GROUP (ID, PARENT_ID, GROUP_NAME, SORT_INDEX, CREATE_TIME, MODIFY_TIME) VALUES (1, 0, '默认分组', 1, '2020-05-28 16:22:01.000000', '2020-05-28 16:21:58.000000');
