INSERT INTO PUBLIC.API_RESOURCE (ID, NAME, DISPLAY_NAME, DESCRIPTION, CREATE_TIME, MODIFY_TIME) VALUES (1, 'menu', '菜单', '授予对系统菜单的完全访问权限', '2022-01-12 10:28:53.000000', '2022-01-12 10:28:56.000000');
INSERT INTO PUBLIC.API_RESOURCE (ID, NAME, DISPLAY_NAME, DESCRIPTION, CREATE_TIME, MODIFY_TIME) VALUES (2, 'role', '角色', '授予对系统角色的完全访问权限', '2022-01-12 10:29:38.000000', '2022-01-12 10:29:40.000000');
INSERT INTO PUBLIC.API_RESOURCE (ID, NAME, DISPLAY_NAME, DESCRIPTION, CREATE_TIME, MODIFY_TIME) VALUES (3, 'user', '用户', '授予对系统用户的完全访问权限', '2022-01-12 10:30:16.000000', '2022-01-12 10:30:18.000000');
INSERT INTO PUBLIC.API_RESOURCE (ID, NAME, DISPLAY_NAME, DESCRIPTION, CREATE_TIME, MODIFY_TIME) VALUES (4, 'group', '用户组', '授予对用户分组的完全访问权限', '2022-01-12 10:30:44.000000', '2022-01-12 10:30:47.000000');


INSERT INTO PUBLIC.API_SCOPE (ID, NAME, DISPLAY_NAME, DESCRIPTION, RESOURCE_ID, CREATE_TIME, MODIFY_TIME) VALUES (1, 'read:menu', '读取菜单', '授予对系统菜单的读访问权限。', 1, '2022-01-12 10:32:35.000000', '2022-01-12 10:32:39.000000');
INSERT INTO PUBLIC.API_SCOPE (ID, NAME, DISPLAY_NAME, DESCRIPTION, RESOURCE_ID, CREATE_TIME, MODIFY_TIME) VALUES (2, 'write:menu', '修改菜单', '授予对系统菜单的创建/修改权限。', 1, '2022-01-12 10:33:40.000000', '2022-01-12 10:33:42.000000');
INSERT INTO PUBLIC.API_SCOPE (ID, NAME, DISPLAY_NAME, DESCRIPTION, RESOURCE_ID, CREATE_TIME, MODIFY_TIME) VALUES (3, 'delete:menu', '删除菜单', '授予对系统菜单的删除权限。', 1, '2022-01-12 10:34:13.000000', '2022-01-12 10:34:17.000000');
INSERT INTO PUBLIC.API_SCOPE (ID, NAME, DISPLAY_NAME, DESCRIPTION, RESOURCE_ID, CREATE_TIME, MODIFY_TIME) VALUES (4, 'read:role', '读取角色', '授予对系统角色的读访问权限。', 2, '2022-01-12 10:37:38.000000', '2022-01-12 10:37:41.000000');
INSERT INTO PUBLIC.API_SCOPE (ID, NAME, DISPLAY_NAME, DESCRIPTION, RESOURCE_ID, CREATE_TIME, MODIFY_TIME) VALUES (5, 'write:role', '修改角色', '授予对系统角色的创建/修改权限。', 2, '2022-01-12 10:37:38.000000', '2022-01-12 10:37:41.000000');
INSERT INTO PUBLIC.API_SCOPE (ID, NAME, DISPLAY_NAME, DESCRIPTION, RESOURCE_ID, CREATE_TIME, MODIFY_TIME) VALUES (6, 'delete:role', '删除角色', '授予对系统角色的删除权限。', 2, '2022-01-12 10:37:38.000000', '2022-01-12 10:37:41.000000');
INSERT INTO PUBLIC.API_SCOPE (ID, NAME, DISPLAY_NAME, DESCRIPTION, RESOURCE_ID, CREATE_TIME, MODIFY_TIME) VALUES (7, 'read:user', '读取用户', '授予对系统用户的读访问权限。', 3, '2022-01-12 10:37:38.000000', '2022-01-12 10:37:41.000000');
INSERT INTO PUBLIC.API_SCOPE (ID, NAME, DISPLAY_NAME, DESCRIPTION, RESOURCE_ID, CREATE_TIME, MODIFY_TIME) VALUES (8, 'create:user', '创建用户', '授予对系统用户的创建帐号的权限。', 3, '2022-01-12 10:37:38.000000', '2022-01-12 10:37:41.000000');
INSERT INTO PUBLIC.API_SCOPE (ID, NAME, DISPLAY_NAME, DESCRIPTION, RESOURCE_ID, CREATE_TIME, MODIFY_TIME) VALUES (9, 'write:user', '修改用户', '授予对系统用户的修改权限。', 3, '2022-01-12 10:37:38.000000', '2022-01-12 10:37:41.000000');
INSERT INTO PUBLIC.API_SCOPE (ID, NAME, DISPLAY_NAME, DESCRIPTION, RESOURCE_ID, CREATE_TIME, MODIFY_TIME) VALUES (10, 'delete:user', '删除用户', '授予对系统用户的删除权限。', 3, '2022-01-12 10:37:38.000000', '2022-01-12 10:37:41.000000');
INSERT INTO PUBLIC.API_SCOPE (ID, NAME, DISPLAY_NAME, DESCRIPTION, RESOURCE_ID, CREATE_TIME, MODIFY_TIME) VALUES (11, 'read:group', '读取用户组', '授予对系统用户组的读访问权限。', 4, '2022-01-12 10:37:38.000000', '2022-01-12 10:37:41.000000');
INSERT INTO PUBLIC.API_SCOPE (ID, NAME, DISPLAY_NAME, DESCRIPTION, RESOURCE_ID, CREATE_TIME, MODIFY_TIME) VALUES (12, 'write:group', '修改用户组', '授予对系统用户组的创建/修改权限。', 4, '2022-01-12 10:37:38.000000', '2022-01-12 10:37:41.000000');
INSERT INTO PUBLIC.API_SCOPE (ID, NAME, DISPLAY_NAME, DESCRIPTION, RESOURCE_ID, CREATE_TIME, MODIFY_TIME) VALUES (13, 'delete:group', '删除用户组', '授予对系统用户组的删除权限。', 4, '2022-01-12 10:37:38.000000', '2022-01-12 10:37:41.000000');


INSERT INTO PUBLIC.MENU (ID, PARENT_ID, TITLE, NAME, PATH, REDIRECT, COMPONENT, ICON, KEEP_ALIVE, HIDDEN, SORT_INDEX, CREATE_TIME, MODIFY_TIME) VALUES (2, 0, '仪表盘', 'dashboard', '/dashboard', '/dashboard/workplace', 'RouteView', 'dashboard', 1, 0, 2, '2020-05-28 20:44:36.000000', '2020-05-28 20:44:41.000000');
INSERT INTO PUBLIC.MENU (ID, PARENT_ID, TITLE, NAME, PATH, REDIRECT, COMPONENT, ICON, KEEP_ALIVE, HIDDEN, SORT_INDEX, CREATE_TIME, MODIFY_TIME) VALUES (3, 2, '分析页', 'Analysis', '/dashboard/analysis', null, 'dashboard/Analysis', '', 1, 0, 4, '2020-05-28 20:47:05.000000', '2020-07-21 22:31:38.000000');
INSERT INTO PUBLIC.MENU (ID, PARENT_ID, TITLE, NAME, PATH, REDIRECT, COMPONENT, ICON, KEEP_ALIVE, HIDDEN, SORT_INDEX, CREATE_TIME, MODIFY_TIME) VALUES (4, 2, '工作台', 'Workplace', '/dashboard/workplace', null, 'dashboard/Workplace', '', 1, 0, 3, '2020-05-28 20:49:03.000000', '2020-07-21 22:31:46.000000');
INSERT INTO PUBLIC.MENU (ID, PARENT_ID, TITLE, NAME, PATH, REDIRECT, COMPONENT, ICON, KEEP_ALIVE, HIDDEN, SORT_INDEX, CREATE_TIME, MODIFY_TIME) VALUES (5, 0, '表单页', 'form', '/form', '/form/base-form', 'RouteView', 'form', 0, 0, 5, '2020-05-28 20:50:32.000000', '2020-05-28 20:50:30.000000');
INSERT INTO PUBLIC.MENU (ID, PARENT_ID, TITLE, NAME, PATH, REDIRECT, COMPONENT, ICON, KEEP_ALIVE, HIDDEN, SORT_INDEX, CREATE_TIME, MODIFY_TIME) VALUES (6, 5, '基础表单', 'BaseForm', '/form/base-form', '', 'form/basicForm', '', 1, 0, 6, '2020-05-28 20:52:22.000000', '2020-05-28 20:52:26.000000');
INSERT INTO PUBLIC.MENU (ID, PARENT_ID, TITLE, NAME, PATH, REDIRECT, COMPONENT, ICON, KEEP_ALIVE, HIDDEN, SORT_INDEX, CREATE_TIME, MODIFY_TIME) VALUES (7, 5, '分步表单', 'StepForm', '/form/step-form', null, 'form/stepForm/StepForm', '', 1, 0, 7, '2020-05-30 14:40:24.000000', '2020-05-30 14:40:27.000000');
INSERT INTO PUBLIC.MENU (ID, PARENT_ID, TITLE, NAME, PATH, REDIRECT, COMPONENT, ICON, KEEP_ALIVE, HIDDEN, SORT_INDEX, CREATE_TIME, MODIFY_TIME) VALUES (8, 5, '高级表单', 'AdvanceForm', '/form/advanced-form', null, 'form/advancedForm/AdvancedForm', null, 1, 0, 8, '2020-05-30 14:41:56.000000', '2020-05-30 14:41:58.000000');
INSERT INTO PUBLIC.MENU (ID, PARENT_ID, TITLE, NAME, PATH, REDIRECT, COMPONENT, ICON, KEEP_ALIVE, HIDDEN, SORT_INDEX, CREATE_TIME, MODIFY_TIME) VALUES (9, 0, '系统管理', 'RAM', '/ram', '/ram/user', 'RouteView', 'safety-certificate', 1, 0, 9, '2020-05-31 12:00:02.000000', '2020-05-31 12:00:04.000000');
INSERT INTO PUBLIC.MENU (ID, PARENT_ID, TITLE, NAME, PATH, REDIRECT, COMPONENT, ICON, KEEP_ALIVE, HIDDEN, SORT_INDEX, CREATE_TIME, MODIFY_TIME) VALUES (10, 9, '用户管理', 'User', '/ram/user', null, 'user/UserList', null, 1, 0, 10, '2020-05-31 11:57:50.000000', '2020-05-31 11:57:52.000000');
INSERT INTO PUBLIC.MENU (ID, PARENT_ID, TITLE, NAME, PATH, REDIRECT, COMPONENT, ICON, KEEP_ALIVE, HIDDEN, SORT_INDEX, CREATE_TIME, MODIFY_TIME) VALUES (11, 9, '角色管理', 'Role', '/ram/role', null, 'role/RoleList', null, 1, 0, 11, '2020-06-04 14:47:58.000000', '2020-06-04 14:48:01.000000');
INSERT INTO PUBLIC.MENU (ID, PARENT_ID, TITLE, NAME, PATH, REDIRECT, COMPONENT, ICON, KEEP_ALIVE, HIDDEN, SORT_INDEX, CREATE_TIME, MODIFY_TIME) VALUES (12, 9, '菜单管理', 'Menu', '/ram/menu', null, 'menu/MenuList', null, 1, 0, 12, '2020-06-05 16:26:55.000000', '2020-06-05 16:26:58.000000');
INSERT INTO PUBLIC.MENU (ID, PARENT_ID, TITLE, NAME, PATH, REDIRECT, COMPONENT, ICON, KEEP_ALIVE, HIDDEN, SORT_INDEX, CREATE_TIME, MODIFY_TIME) VALUES (13, 9, '用户组管理', 'UserGroup', '/ram/user/group', null, 'group/UserGroupList', null, 1, 0, 13, '2020-06-05 18:35:27.000000', '2020-06-05 18:35:31.000000');
INSERT INTO PUBLIC.MENU (ID, PARENT_ID, TITLE, NAME, PATH, REDIRECT, COMPONENT, ICON, KEEP_ALIVE, HIDDEN, SORT_INDEX, CREATE_TIME, MODIFY_TIME) VALUES (25, 0, '监控日志', 'Monitor', '/monitor', '/monitor/log/action', 'RouteView', 'fund', 1, 0, 24, '2020-07-16 09:54:09.000000', '2020-07-16 09:54:12.000000');
INSERT INTO PUBLIC.MENU (ID, PARENT_ID, TITLE, NAME, PATH, REDIRECT, COMPONENT, ICON, KEEP_ALIVE, HIDDEN, SORT_INDEX, CREATE_TIME, MODIFY_TIME) VALUES (26, 25, '系统日志', 'ActionLog', '/monitor/log/action', null, 'monitor/ActionLog', null, 1, 0, 25, '2020-07-16 09:54:27.000000', '2020-07-16 09:54:25.000000');
INSERT INTO PUBLIC.MENU (ID, PARENT_ID, TITLE, NAME, PATH, REDIRECT, COMPONENT, ICON, KEEP_ALIVE, HIDDEN, SORT_INDEX, CREATE_TIME, MODIFY_TIME) VALUES (27, 25, '登录日志', 'LoginLog', '/monitor/log/login', null, 'monitor/LoginLog', null, 1, 0, 26, '2020-07-16 21:14:02.000000', '2020-07-16 21:14:04.000000');
INSERT INTO PUBLIC.MENU (ID, PARENT_ID, TITLE, NAME, PATH, REDIRECT, COMPONENT, ICON, KEEP_ALIVE, HIDDEN, SORT_INDEX, CREATE_TIME, MODIFY_TIME) VALUES (28, 0, '个人页', 'Account', '/account', '/account/center', 'RouteView', 'user', 1, 0, 27, '2020-07-17 15:54:26.000000', '2020-07-17 15:54:29.000000');
INSERT INTO PUBLIC.MENU (ID, PARENT_ID, TITLE, NAME, PATH, REDIRECT, COMPONENT, ICON, KEEP_ALIVE, HIDDEN, SORT_INDEX, CREATE_TIME, MODIFY_TIME) VALUES (29, 28, '个人中心', 'AccountCenter', '/account/center', null, 'account/center/Index', null, 1, 0, 28, '2020-07-17 11:37:09.000000', '2020-07-17 11:37:12.000000');

INSERT INTO PUBLIC.ROLE (ID, ROLE_NAME, REMARK, IS_DEFAULT, DELETED, CREATE_TIME, MODIFY_TIME) VALUES (1, '普通用户', '用户注册默认角色', 1, 0, '2020-05-28 16:25:39.000000', '2020-07-23 18:27:45.000000');
INSERT INTO PUBLIC.ROLE (ID, ROLE_NAME, REMARK, IS_DEFAULT, DELETED, CREATE_TIME, MODIFY_TIME) VALUES (2, '管理员', '管理员', 0, 0, '2020-06-04 10:23:29.000000', '2020-07-23 18:28:00.000000');

INSERT INTO PUBLIC.ROLE_RESOURCE (ID, MENUS, SCOPES, ROLE_ID) VALUES (1, '2,3,4,5,6,7,8,9,10,11,12,13,25,26,27,28,29', '1,2,3,4,5,6,7,8,9,10,11,12,13', 1);

INSERT INTO PUBLIC.SETTING_OPTION (ID, OPTION_KEY, OPTION_VALUE, CREATE_TIME, MODIFY_TIME) VALUES (1, 'email_host', 'smtp.qq.com', '2020-07-14 17:07:35.000000', '2020-07-14 17:07:37.000000');
INSERT INTO PUBLIC.SETTING_OPTION (ID, OPTION_KEY, OPTION_VALUE, CREATE_TIME, MODIFY_TIME) VALUES (2, 'email_protocol', 'smtp', '2020-07-14 17:07:39.000000', '2020-07-14 17:07:46.000000');
INSERT INTO PUBLIC.SETTING_OPTION (ID, OPTION_KEY, OPTION_VALUE, CREATE_TIME, MODIFY_TIME) VALUES (3, 'email_ssl_port', '587', '2020-07-14 17:07:42.000000', '2020-07-14 17:07:48.000000');
INSERT INTO PUBLIC.SETTING_OPTION (ID, OPTION_KEY, OPTION_VALUE, CREATE_TIME, MODIFY_TIME) VALUES (4, 'email_username', 'guqing@qq.com', '2020-07-14 17:07:44.000000', '2020-07-14 17:07:51.000000');
INSERT INTO PUBLIC.SETTING_OPTION (ID, OPTION_KEY, OPTION_VALUE, CREATE_TIME, MODIFY_TIME) VALUES (5, 'email_password', '123456', '2020-07-14 17:08:03.000000', '2020-07-14 17:08:05.000000');
INSERT INTO PUBLIC.SETTING_OPTION (ID, OPTION_KEY, OPTION_VALUE, CREATE_TIME, MODIFY_TIME) VALUES (6, 'email_enabled', 'true', '2020-07-14 17:08:37.000000', '2020-07-14 17:08:39.000000');
INSERT INTO PUBLIC.SETTING_OPTION (ID, OPTION_KEY, OPTION_VALUE, CREATE_TIME, MODIFY_TIME) VALUES (7, 'email_from_name', 'guqing', '2020-07-14 19:57:47.000000', '2020-07-14 19:57:50.000000');

INSERT INTO PUBLIC.USER (ID, USERNAME, PASSWORD, NICKNAME, GROUP_ID, EMAIL, MOBILE, GENDER, AVATAR, DESCRIPTION, LAST_LOGIN_TIME, STATUS, DELETED, CREATE_TIME, MODIFY_TIME, ROLE_IDS) VALUES (1, 'guqing', '$2a$10$kp73QBSCqwX/v0aRaD/AyuLAmIc.r7IoVYZ0wRJ/fa9kAS9kRbBsS', '聽見下雨的聲音', 1, '14845636141@qq.com', '18869817190', 0, 'https://violet-cloud.oss-cn-hangzhou.aliyuncs.com/8e80f601-4001-4d6f-846f-ca0938c76bf8', '毕生所求无它，爱与自由而已', '2022-01-12 16:18:33.084522', 0, 0, '2020-05-25 18:06:52.000000', '2020-05-25 18:06:52.000000', '1,2');

INSERT INTO PUBLIC.USER_GROUP (ID, PARENT_ID, GROUP_NAME, SORT_INDEX, CREATE_TIME, MODIFY_TIME) VALUES (1, 0, '默认分组', 1, '2020-05-28 16:22:01.000000', '2020-05-28 16:21:58.000000');

